Profile,Armor,Distance,Trials,Hit,AnyLimbLoss,ArmsLegsLost,HandsFeetLost,MeanDamage,MaxSeveranceFraction
CMGrenadeHighExplosive,None,0,8,8,8,16,16,607.50,0.990
CMGrenadeHighExplosive,None,1,8,8,4,4,4,438.56,0.930
CMGrenadeHighExplosive,None,2,8,8,0,0,0,252.90,0.840
CMGrenadeHighExplosive,None,4,8,0,0,0,0,0.00,0.000
CMGrenadeHighExplosive,None,6,8,0,0,0,0,0.00,0.000
CMGrenadeHighExplosive,M3+M10,0,8,8,0,0,0,276.71,0.830
CMGrenadeHighExplosive,M3+M10,1,8,8,0,0,0,199.77,0.900
CMGrenadeHighExplosive,M3+M10,2,8,8,0,0,0,115.18,0.520
CMGrenadeHighExplosive,M3+M10,4,8,0,0,0,0,0.00,0.000
CMGrenadeHighExplosive,M3+M10,6,8,0,0,0,0,0.00,0.000
CMGrenadeFrag,None,0,8,8,0,0,0,243.00,0.530
CMGrenadeFrag,None,1,8,8,0,0,0,233.90,0.770
CMGrenadeFrag,None,2,8,8,0,0,0,154.52,0.510
CMGrenadeFrag,None,4,8,0,0,0,0,0.00,0.000
CMGrenadeFrag,None,6,8,0,0,0,0,0.00,0.000
CMGrenadeFrag,M3+M10,0,8,8,0,0,0,110.67,0.330
CMGrenadeFrag,M3+M10,1,8,8,0,0,0,106.53,0.480
CMGrenadeFrag,M3+M10,2,8,8,0,0,0,63.98,0.300
CMGrenadeFrag,M3+M10,4,8,0,0,0,0,0.00,0.000
CMGrenadeFrag,M3+M10,6,8,0,0,0,0,0.00,0.000
RMCExplosivePlastic,None,0,8,8,8,16,16,607.50,0.990
RMCExplosivePlastic,None,1,8,8,8,16,16,570.10,0.850
RMCExplosivePlastic,None,2,8,8,4,4,4,337.20,0.720
RMCExplosivePlastic,None,4,8,0,0,0,0,0.00,0.000
RMCExplosivePlastic,None,6,8,0,0,0,0,0.00,0.000
RMCExplosivePlastic,M3+M10,0,8,8,0,0,0,276.71,0.830
RMCExplosivePlastic,M3+M10,1,8,8,4,4,4,259.69,0.750
RMCExplosivePlastic,M3+M10,2,8,8,0,0,0,153.59,0.690
RMCExplosivePlastic,M3+M10,4,8,0,0,0,0,0.00,0.000
RMCExplosivePlastic,M3+M10,6,8,0,0,0,0,0.00,0.000
AU14IED,None,0,8,8,8,16,16,478.38,0.780
AU14IED,None,1,8,8,4,4,4,416.62,0.890
AU14IED,None,2,8,8,4,4,4,358.24,0.760
AU14IED,None,4,8,8,0,0,0,251.76,0.830
AU14IED,None,6,8,8,0,0,0,141.28,0.460
AU14IED,M3+M10,0,8,8,0,0,0,217.90,0.650
AU14IED,M3+M10,1,8,8,0,0,0,189.77,0.850
AU14IED,M3+M10,2,8,8,0,0,0,163.19,0.730
AU14IED,M3+M10,4,8,8,0,0,0,114.68,0.510
AU14IED,M3+M10,6,8,8,0,0,0,58.72,0.280
AU14IEDLarge,None,0,8,8,8,16,16,523.96,0.850
AU14IEDLarge,None,1,8,8,4,4,4,460.46,0.980
AU14IEDLarge,None,2,8,8,4,4,4,400.40,0.850
AU14IEDLarge,None,4,8,8,0,0,0,271.14,0.900
AU14IEDLarge,None,6,8,8,0,0,0,176.60,0.580
AU14IEDLarge,M3+M10,0,8,8,0,0,0,238.66,0.710
AU14IEDLarge,M3+M10,1,8,8,0,0,0,209.74,0.940
AU14IEDLarge,M3+M10,2,8,8,0,0,0,182.39,0.820
AU14IEDLarge,M3+M10,4,8,8,0,0,0,123.50,0.550
AU14IEDLarge,M3+M10,6,8,8,0,0,0,80.45,0.360
CMULTBCannonImpactHE,None,0,8,8,8,16,16,486.00,0.790
CMULTBCannonImpactHE,None,1,8,8,4,4,4,374.24,0.800
CMULTBCannonImpactHE,None,2,8,8,0,0,0,269.76,0.890
CMULTBCannonImpactHE,None,4,8,8,0,0,0,82.64,0.270
CMULTBCannonImpactHE,None,6,8,0,0,0,0,0.00,0.000
CMULTBCannonImpactHE,M3+M10,0,8,8,0,0,0,221.37,0.660
CMULTBCannonImpactHE,M3+M10,1,8,8,0,0,0,170.46,0.770
CMULTBCannonImpactHE,M3+M10,2,8,8,0,0,0,122.85,0.550
CMULTBCannonImpactHE,M3+M10,4,8,8,0,0,0,37.63,0.170
CMULTBCannonImpactHE,M3+M10,6,8,0,0,0,0,0.00,0.000
CMULTBCannonImpactHEAT,None,0,8,8,0,0,0,291.60,0.640
CMULTBCannonImpactHEAT,None,1,8,8,0,0,0,233.90,0.770
CMULTBCannonImpactHEAT,None,2,8,8,0,0,0,112.40,0.370
CMULTBCannonImpactHEAT,None,4,8,0,0,0,0,0.00,0.000
CMULTBCannonImpactHEAT,None,6,8,0,0,0,0,0.00,0.000
CMULTBCannonImpactHEAT,M3+M10,0,8,8,0,0,0,132.80,0.390
CMULTBCannonImpactHEAT,M3+M10,1,8,8,0,0,0,106.53,0.480
CMULTBCannonImpactHEAT,M3+M10,2,8,8,0,0,0,51.19,0.230
CMULTBCannonImpactHEAT,M3+M10,4,8,0,0,0,0,0.00,0.000
CMULTBCannonImpactHEAT,M3+M10,6,8,0,0,0,0,0.00,0.000
CMULTBCannonImpactNapalm,None,0,8,8,0,0,0,145.80,0.320
CMULTBCannonImpactNapalm,None,1,8,8,0,0,0,93.56,0.310
CMULTBCannonImpactNapalm,None,2,8,8,0,0,0,33.72,0.110
CMULTBCannonImpactNapalm,None,4,8,0,0,0,0,0.00,0.000
CMULTBCannonImpactNapalm,None,6,8,0,0,0,0,0.00,0.000
CMULTBCannonImpactNapalm,M3+M10,0,8,8,0,0,0,66.39,0.190
CMULTBCannonImpactNapalm,M3+M10,1,8,8,0,0,0,42.61,0.190
CMULTBCannonImpactNapalm,M3+M10,2,8,8,0,0,0,15.34,0.060
CMULTBCannonImpactNapalm,M3+M10,4,8,0,0,0,0,0.00,0.000
CMULTBCannonImpactNapalm,M3+M10,6,8,0,0,0,0,0.00,0.000
RMCProjectileRocket84mm,None,0,8,8,8,32,32,719.00,0.000
RMCProjectileRocket84mm,None,1,8,8,8,24,24,719.00,0.970
RMCProjectileRocket84mm,None,2,8,8,0,0,0,281.00,0.930
RMCProjectileRocket84mm,None,4,8,0,0,0,0,0.00,0.000
RMCProjectileRocket84mm,None,6,8,0,0,0,0,0.00,0.000
RMCProjectileRocket84mm,M3+M10,0,8,8,8,16,16,415.09,0.920
RMCProjectileRocket84mm,M3+M10,1,8,8,4,4,4,332.95,0.970
RMCProjectileRocket84mm,M3+M10,2,8,8,0,0,0,127.99,0.570
RMCProjectileRocket84mm,M3+M10,4,8,0,0,0,0,0.00,0.000
RMCProjectileRocket84mm,M3+M10,6,8,0,0,0,0,0.00,0.000
RMCProjectileRocket84mmAntiArmor,None,0,8,8,0,0,0,303.74,0.670
RMCProjectileRocket84mmAntiArmor,None,1,8,8,0,0,0,146.18,0.480
RMCProjectileRocket84mmAntiArmor,None,2,8,0,0,0,0,0.00,0.000
RMCProjectileRocket84mmAntiArmor,None,4,8,0,0,0,0,0.00,0.000
RMCProjectileRocket84mmAntiArmor,None,6,8,0,0,0,0,0.00,0.000
RMCProjectileRocket84mmAntiArmor,M3+M10,0,8,8,0,0,0,138.35,0.410
RMCProjectileRocket84mmAntiArmor,M3+M10,1,8,8,0,0,0,59.59,0.280
RMCProjectileRocket84mmAntiArmor,M3+M10,2,8,0,0,0,0,0.00,0.000
RMCProjectileRocket84mmAntiArmor,M3+M10,4,8,0,0,0,0,0.00,0.000
RMCProjectileRocket84mmAntiArmor,M3+M10,6,8,0,0,0,0,0.00,0.000
CMUProjectileRocket70mmHE,None,0,8,8,8,32,32,719.00,0.000
CMUProjectileRocket70mmHE,None,1,8,8,8,24,24,719.00,0.970
CMUProjectileRocket70mmHE,None,2,8,8,0,0,0,281.00,0.930
CMUProjectileRocket70mmHE,None,4,8,0,0,0,0,0.00,0.000
CMUProjectileRocket70mmHE,None,6,8,0,0,0,0,0.00,0.000
CMUProjectileRocket70mmHE,M3+M10,0,8,8,8,16,16,415.09,0.920
CMUProjectileRocket70mmHE,M3+M10,1,8,8,4,4,4,332.95,0.970
CMUProjectileRocket70mmHE,M3+M10,2,8,8,0,0,0,127.99,0.570
CMUProjectileRocket70mmHE,M3+M10,4,8,0,0,0,0,0.00,0.000
CMUProjectileRocket70mmHE,M3+M10,6,8,0,0,0,0,0.00,0.000
RMCProjectileRocketHJRA12HE,None,0,8,8,8,32,32,719.00,0.000
RMCProjectileRocketHJRA12HE,None,1,8,8,8,24,24,719.00,0.970
RMCProjectileRocketHJRA12HE,None,2,8,8,0,0,0,281.00,0.930
RMCProjectileRocketHJRA12HE,None,4,8,0,0,0,0,0.00,0.000
RMCProjectileRocketHJRA12HE,None,6,8,0,0,0,0,0.00,0.000
RMCProjectileRocketHJRA12HE,M3+M10,0,8,8,8,16,16,415.09,0.920
RMCProjectileRocketHJRA12HE,M3+M10,1,8,8,4,4,4,332.95,0.970
RMCProjectileRocketHJRA12HE,M3+M10,2,8,8,0,0,0,127.99,0.570
RMCProjectileRocketHJRA12HE,M3+M10,4,8,0,0,0,0,0.00,0.000
RMCProjectileRocketHJRA12HE,M3+M10,6,8,0,0,0,0,0.00,0.000
RMCProjectileRocketHJRA12AT,None,0,8,8,0,0,0,303.74,0.670
RMCProjectileRocketHJRA12AT,None,1,8,8,0,0,0,146.18,0.480
RMCProjectileRocketHJRA12AT,None,2,8,0,0,0,0,0.00,0.000
RMCProjectileRocketHJRA12AT,None,4,8,0,0,0,0,0.00,0.000
RMCProjectileRocketHJRA12AT,None,6,8,0,0,0,0,0.00,0.000
RMCProjectileRocketHJRA12AT,M3+M10,0,8,8,0,0,0,138.35,0.410
RMCProjectileRocketHJRA12AT,M3+M10,1,8,8,0,0,0,59.59,0.280
RMCProjectileRocketHJRA12AT,M3+M10,2,8,0,0,0,0,0.00,0.000
RMCProjectileRocketHJRA12AT,M3+M10,4,8,0,0,0,0,0.00,0.000
RMCProjectileRocketHJRA12AT,M3+M10,6,8,0,0,0,0,0.00,0.000
RMCDropshipMissileExplosionWidowmaker,None,0,8,8,8,32,32,718.98,0.000
RMCDropshipMissileExplosionWidowmaker,None,1,8,8,8,24,24,719.00,0.970
RMCDropshipMissileExplosionWidowmaker,None,2,8,8,8,24,24,719.00,0.970
RMCDropshipMissileExplosionWidowmaker,None,4,8,8,8,16,16,639.14,0.950
RMCDropshipMissileExplosionWidowmaker,None,6,8,8,4,4,4,323.78,0.690
RMCDropshipMissileExplosionWidowmaker,M3+M10,0,8,8,8,32,32,646.85,0.000
RMCDropshipMissileExplosionWidowmaker,M3+M10,1,8,8,8,28,28,549.38,0.860
RMCDropshipMissileExplosionWidowmaker,M3+M10,2,8,8,8,16,16,457.60,0.930
RMCDropshipMissileExplosionWidowmaker,M3+M10,4,8,8,4,4,4,291.13,0.840
RMCDropshipMissileExplosionWidowmaker,M3+M10,6,8,8,0,0,0,147.49,0.660
RMCDropshipMissileExplosionKeeper,None,0,8,8,8,32,32,719.00,0.000
RMCDropshipMissileExplosionKeeper,None,1,8,8,8,24,24,718.98,0.970
RMCDropshipMissileExplosionKeeper,None,2,8,8,8,24,24,719.00,0.970
RMCDropshipMissileExplosionKeeper,None,4,8,0,0,0,0,0.00,0.000
RMCDropshipMissileExplosionKeeper,None,6,8,0,0,0,0,0.00,0.000
RMCDropshipMissileExplosionKeeper,M3+M10,0,8,8,8,32,32,622.64,0.000
RMCDropshipMissileExplosionKeeper,M3+M10,1,8,8,8,28,28,599.32,0.940
RMCDropshipMissileExplosionKeeper,M3+M10,2,8,8,8,16,16,447.99,0.910
RMCDropshipMissileExplosionKeeper,M3+M10,4,8,0,0,0,0,0.00,0.000
RMCDropshipMissileExplosionKeeper,M3+M10,6,8,0,0,0,0,0.00,0.000
RMCDropshipMissileExplosionHarpoon,None,0,8,8,8,32,32,719.00,0.000
RMCDropshipMissileExplosionHarpoon,None,1,8,8,8,24,24,719.00,0.970
RMCDropshipMissileExplosionHarpoon,None,2,8,8,8,16,16,629.44,0.930
RMCDropshipMissileExplosionHarpoon,None,4,8,8,4,4,4,413.20,0.880
RMCDropshipMissileExplosionHarpoon,None,6,8,8,0,0,0,188.40,0.620
RMCDropshipMissileExplosionHarpoon,M3+M10,0,8,8,8,16,16,398.47,0.890
RMCDropshipMissileExplosionHarpoon,M3+M10,1,8,8,4,4,4,340.93,0.990
RMCDropshipMissileExplosionHarpoon,M3+M10,2,8,8,4,4,4,286.72,0.830
RMCDropshipMissileExplosionHarpoon,M3+M10,4,8,8,0,0,0,188.20,0.850
RMCDropshipMissileExplosionHarpoon,M3+M10,6,8,8,0,0,0,85.80,0.380
